Id	LotFrontage	LotArea	Street	Neighborhood	YearBuilt	YearRemodAdd	CentralAir	PavedDrive	SaleCondition	SalePrice
1	65	8450	Pave	CollgCr	2003	2003	Y	Y	Normal	208500
2	80	9600	Pave	Veenker	1976	1976	Y	Y	Normal	181500
3	68	11250	Pave	CollgCr	2001	2002	Y	Y	Normal	223500
4	60	9550	Pave	Crawfor	1915	1970	Y	Y	Abnorml	140000
5	84	14260	Pave	NoRidge	2000	2000	Y	Y	Normal	250000
6	85	14115	Pave	Mitchel	1993	1995	Y	Y	Normal	143000
7	75	10084	Pave	Somerst	2004	2005	Y	Y	Normal	307000
8	NA	10382	Pave	NWAmes	1973	1973	Y	Y	Normal	200000
9	51	6120	Pave	OldTown	1931	1950	Y	Y	Abnorml	129900
10	50	7420	Pave	BrkSide	1939	1950	Y	Y	Normal	118000
11	70	11200	Pave	Sawyer	1965	1965	Y	Y	Normal	129500
12	85	11924	Pave	NridgHt	2005	2006	Y	Y	Partial	345000
13	NA	12968	Pave	Sawyer	1962	1962	Y	Y	Normal	144000
14	91	10652	Pave	CollgCr	2006	2007	Y	Y	Partial	279500
15	NA	10920	Pave	NAmes	1960	1960	Y	Y	Normal	157000
16	51	6120	Pave	BrkSide	1929	2001	Y	Y	Normal	132000
17	NA	11241	Pave	NAmes	1970	1970	Y	Y	Normal	149000
18	72	10791	Pave	Sawyer	1967	1967	Y	Y	Normal	90000
19	66	13695	Pave	SawyerW	2004	2004	Y	Y	Normal	159000
20	70	7560	Pave	NAmes	1958	1965	Y	Y	Abnorml	139000
21	101	14215	Pave	NridgHt	2005	2006	Y	Y	Partial	325300
22	57	7449	Pave	IDOTRR	1930	1950	Y	N	Normal	139400
23	75	9742	Pave	CollgCr	2002	2002	Y	Y	Normal	230000
24	44	4224	Pave	MeadowV	1976	1976	Y	Y	Normal	129900
25	NA	8246	Pave	Sawyer	1968	2001	Y	Y	Normal	154000
26	110	14230	Pave	NridgHt	2007	2007	Y	Y	Normal	256300
27	60	7200	Pave	NAmes	1951	2000	Y	Y	Normal	134800
28	98	11478	Pave	NridgHt	2007	2008	Y	Y	Normal	306000
29	47	16321	Pave	NAmes	1957	1997	Y	Y	Normal	207500
30	60	6324	Pave	BrkSide	1927	1950	N	Y	Normal	68500
31	50	8500	Pave	IDOTRR	1920	1950	N	N	Normal	40000
32	NA	8544	Pave	Sawyer	1966	2006	Y	Y	Normal	149350
33	85	11049	Pave	CollgCr	2007	2007	Y	Y	Normal	179900
34	70	10552	Pave	NAmes	1959	1959	Y	Y	Normal	165500
35	60	7313	Pave	NridgHt	2005	2005	Y	Y	Normal	277500
36	108	13418	Pave	NridgHt	2004	2005	Y	Y	Normal	309000
37	112	10859	Pave	CollgCr	1994	1995	Y	Y	Normal	145000
38	74	8532	Pave	NAmes	1954	1990	Y	Y	Normal	153000
39	68	7922	Pave	NAmes	1953	2007	Y	Y	Abnorml	109000
40	65	6040	Pave	Edwards	1955	1955	N	N	AdjLand	82000
41	84	8658	Pave	NAmes	1965	1965	Y	Y	Abnorml	160000
42	115	16905	Pave	Timber	1959	1959	Y	P	Normal	170000
43	NA	9180	Pave	SawyerW	1983	1983	Y	Y	Normal	144000
44	NA	9200	Pave	CollgCr	1975	1980	Y	Y	Normal	130250
45	70	7945	Pave	NAmes	1959	1959	Y	Y	Normal	141000
46	61	7658	Pave	NridgHt	2005	2005	Y	Y	Normal	319900
47	48	12822	Pave	Mitchel	2003	2003	Y	Y	Abnorml	239686
48	84	11096	Pave	Somerst	2006	2006	Y	Y	Normal	249700
49	33	4456	Pave	OldTown	1920	2008	Y	N	Partial	113000
50	66	7742	Pave	Sawyer	1966	1966	Y	Y	Normal	127000
51	NA	13869	Pave	Gilbert	1997	1997	Y	Y	Normal	177000
52	52	6240	Pave	BrkSide	1934	1950	Y	Y	Normal	114500
53	110	8472	Grvl	IDOTRR	1963	1963	N	Y	Normal	110000
54	68	50271	Pave	Veenker	1981	1987	Y	Y	Normal	385000
55	60	7134	Pave	NAmes	1955	1955	Y	Y	Normal	130000
56	100	10175	Pave	NAmes	1964	1964	Y	Y	Normal	180500
57	24	2645	Pave	Somerst	1999	2000	Y	Y	Abnorml	172500
58	89	11645	Pave	CollgCr	2004	2004	Y	Y	Normal	196500
59	66	13682	Pave	StoneBr	2006	2006	Y	Y	Partial	438780
60	60	7200	Pave	CollgCr	1972	1972	Y	Y	Normal	124900
61	63	13072	Pave	SawyerW	2004	2004	Y	Y	Partial	158000
62	60	7200	Pave	IDOTRR	1920	1996	N	N	Normal	101000
63	44	6442	Pave	NridgHt	2006	2006	Y	Y	Normal	202500
64	50	10300	Pave	OldTown	1921	1950	Y	Y	Normal	140000
65	NA	9375	Pave	CollgCr	1997	1998	Y	Y	Normal	219500
66	76	9591	Pave	NridgHt	2004	2005	Y	Y	Normal	317000
67	NA	19900	Pave	NAmes	1970	1989	Y	Y	Normal	180000
68	72	10665	Pave	CollgCr	2003	2003	Y	Y	Normal	226000
69	47	4608	Pave	OldTown	1945	1950	Y	Y	Normal	80000
70	81	15593	Pave	ClearCr	1953	1953	Y	Y	Normal	225000
71	95	13651	Pave	NAmes	1973	1973	Y	Y	Normal	244000
72	69	7599	Pave	Mitchel	1982	2006	Y	Y	Normal	129500
73	74	10141	Pave	Gilbert	1998	1998	Y	Y	Normal	185000
74	85	10200	Pave	NAmes	1954	2003	Y	Y	Normal	144900
75	60	5790	Pave	OldTown	1915	1950	N	Y	Normal	107400
76	21	1596	Pave	MeadowV	1973	1973	Y	Y	Normal	91000
77	NA	8475	Pave	NAmes	1956	1956	Y	Y	Normal	135750
78	50	8635	Pave	BrkSide	1948	2001	Y	Y	Normal	127000
79	72	10778	Pave	Sawyer	1968	1968	N	Y	Normal	136500
80	60	10440	Pave	OldTown	1910	1981	Y	Y	Normal	110000
81	100	13000	Pave	NAmes	1968	1968	Y	Y	Normal	193500
82	32	4500	Pave	Mitchel	1998	1998	Y	Y	Normal	153500
83	78	10206	Pave	Somerst	2007	2007	Y	Y	Normal	245000
84	80	8892	Pave	NAmes	1960	1960	Y	Y	Normal	126500
85	NA	8530	Pave	Gilbert	1995	1996	Y	Y	Normal	168500
86	121	16059	Pave	NoRidge	1991	1992	Y	Y	Normal	260000
87	122	11911	Pave	Gilbert	2005	2005	Y	Y	Normal	174000
88	40	3951	Pave	Somerst	2009	2009	Y	Y	Partial	164500
89	105	8470	Pave	IDOTRR	1915	1982	N	N	Abnorml	85000
90	60	8070	Pave	CollgCr	1994	1995	Y	Y	Normal	123600
91	60	7200	Pave	NAmes	1950	1950	Y	Y	Normal	109900
92	85	8500	Pave	NAmes	1961	1961	Y	Y	Abnorml	98600
93	80	13360	Pave	Crawfor	1921	2006	Y	Y	Normal	163500
94	60	7200	Pave	OldTown	1910	1998	N	Y	Normal	133900
95	69	9337	Pave	CollgCr	1997	1997	Y	Y	Normal	204750
96	NA	9765	Pave	Gilbert	1993	1993	Y	Y	Normal	185000
97	78	10264	Pave	CollgCr	1999	1999	Y	Y	Normal	214000
98	73	10921	Pave	Edwards	1965	1965	Y	P	Normal	94750
99	85	10625	Pave	Edwards	1920	1950	N	Y	Abnorml	83000
100	77	9320	Pave	NAmes	1959	1959	Y	Y	Normal	128950
101	NA	10603	Pave	NWAmes	1977	2001	Y	Y	Normal	205000
102	77	9206	Pave	SawyerW	1985	1985	Y	Y	Normal	178000
103	64	7018	Pave	SawyerW	1979	1979	Y	Y	Alloca	118964
104	94	10402	Pave	CollgCr	2009	2009	Y	Y	Normal	198900
105	NA	7758	Pave	IDOTRR	1931	1950	Y	Y	Normal	169500
106	75	9375	Pave	Somerst	2003	2004	Y	Y	Normal	250000
107	60	10800	Pave	OldTown	1885	1995	Y	N	Normal	100000
108	50	6000	Pave	OldTown	1948	1950	Y	Y	Partial	115000
109	85	8500	Pave	IDOTRR	1919	2005	N	N	Normal	115000
110	105	11751	Pave	NWAmes	1977	1977	Y	Y	Normal	190000
111	75	9525	Pave	Edwards	1954	1972	Y	Y	Normal	136900
112	NA	7750	Pave	Gilbert	2000	2000	Y	Y	Normal	180000
113	77	9965	Pave	CollgCr	2007	2007	Y	Y	Partial	383970
114	NA	21000	Pave	Crawfor	1953	1953	Y	Y	Abnorml	217000
115	61	7259	Pave	Crawfor	1945	2002	Y	Y	Normal	259500
116	34	3230	Pave	Somerst	1999	1999	Y	Y	Normal	176000
117	NA	11616	Pave	Sawyer	1962	1962	Y	Y	Normal	139000
118	74	8536	Pave	Edwards	2006	2007	Y	Y	Partial	155000
119	90	12376	Pave	SawyerW	1990	1990	Y	Y	Normal	320000
120	65	8461	Pave	CollgCr	2005	2006	Y	Y	Partial	163990
121	NA	21453	Pave	ClearCr	1969	1969	Y	Y	Normal	180000
122	50	6060	Pave	IDOTRR	1939	1950	Y	P	Normal	100000
123	75	9464	Pave	NAmes	1958	1958	Y	Y	Normal	136000
124	55	7892	Pave	SawyerW	1993	1993	Y	Y	Normal	153900
125	48	17043	Pave	NWAmes	1979	1998	Y	Y	Normal	181000
126	60	6780	Pave	IDOTRR	1935	1982	N	N	Normal	84500
127	NA	4928	Pave	NPkVill	1976	1976	Y	Y	Normal	128000
128	55	4388	Pave	OldTown	1930	1950	Y	N	Normal	87000
129	69	7590	Pave	NAmes	1966	1966	Y	Y	Normal	155000
130	69	8973	Pave	NAmes	1958	1991	Y	Y	Abnorml	150000
131	88	14200	Pave	NAmes	1966	1966	Y	Y	Normal	226000
132	NA	12224	Pave	Gilbert	2000	2000	Y	Y	Normal	244000
133	75	7388	Pave	NAmes	1959	2002	Y	Y	Normal	150750
134	NA	6853	Pave	Timber	2001	2002	Y	Y	Normal	220000
135	78	10335	Pave	Sawyer	1968	1993	Y	Y	Normal	180000
136	80	10400	Pave	NWAmes	1970	1970	Y	Y	Normal	174000
137	NA	10355	Pave	NAmes	1967	1967	Y	Y	Normal	143000
138	82	11070	Pave	Mitchel	1988	1989	Y	Y	Family	171000
139	73	9066	Pave	CollgCr	1999	2000	Y	Y	Normal	230000
140	65	15426	Pave	CollgCr	1997	1997	Y	Y	Normal	231500
141	70	10500	Pave	NAmes	1971	1971	Y	Y	Normal	115000
142	78	11645	Pave	CollgCr	2005	2005	Y	Y	Normal	260000
143	71	8520	Pave	NAmes	1952	1952	Y	Y	Normal	166000
144	78	10335	Pave	CollgCr	1999	1999	Y	Y	Normal	204000
145	70	9100	Pave	Sawyer	1963	1963	Y	Y	Abnorml	125000
146	24	2522	Pave	Edwards	2004	2006	Y	Y	Normal	130000
147	51	6120	Pave	BrkSide	1931	1993	Y	Y	Normal	105000
148	NA	9505	Pave	Gilbert	2001	2001	Y	Y	Normal	222500
149	63	7500	Pave	SawyerW	2004	2005	Y	Y	Normal	141000
150	NA	6240	Pave	BrkSide	1936	1950	Y	Y	Normal	115000
151	120	10356	Pave	CollgCr	1975	1975	Y	Y	Normal	122000
152	107	13891	Pave	NridgHt	2007	2008	Y	Y	Partial	372402
153	NA	14803	Pave	NWAmes	1971	1971	Y	Y	Normal	190000
154	NA	13500	Pave	ClearCr	1960	1975	Y	Y	Normal	235000
155	84	11340	Pave	OldTown	1923	1950	Y	Y	Family	125000
156	60	9600	Pave	Edwards	1924	1950	N	N	Normal	79000
157	60	7200	Pave	NAmes	1950	1950	Y	Y	Normal	109500
158	92	12003	Pave	Timber	2009	2010	Y	Y	Partial	269500
159	100	12552	Pave	Somerst	2004	2005	Y	Y	Normal	254900
160	134	19378	Pave	Gilbert	2005	2006	Y	Y	Partial	320000
161	NA	11120	Pave	Veenker	1984	1984	Y	Y	Normal	162500
162	110	13688	Pave	NridgHt	2003	2004	Y	Y	Normal	412500
163	95	12182	Pave	NridgHt	2005	2005	Y	Y	Partial	220000
164	55	5500	Pave	OldTown	1956	1956	Y	Y	Normal	103200
165	40	5400	Pave	OldTown	1926	2004	Y	Y	Normal	152000
166	62	10106	Pave	Edwards	1940	1999	Y	Y	Normal	127500
167	NA	10708	Pave	ClearCr	1955	1993	Y	Y	Normal	190000
168	86	10562	Pave	NridgHt	2007	2007	Y	Y	Partial	325624
169	62	8244	Pave	Gilbert	2004	2004	Y	Y	Normal	183500
170	NA	16669	Pave	Timber	1981	1981	Y	Y	Normal	228000
171	NA	12358	Pave	OldTown	1941	1950	Y	Y	Normal	128500
172	141	31770	Pave	NAmes	1960	1960	Y	P	Normal	215000
173	44	5306	Pave	StoneBr	1987	1987	Y	Y	Normal	239000
174	80	10197	Pave	NAmes	1961	1961	Y	Y	Normal	163000
175	47	12416	Pave	Timber	1986	1986	Y	Y	Normal	184000
176	84	12615	Pave	Edwards	1950	2001	Y	Y	Normal	243000
177	97	10029	Pave	ClearCr	1988	1989	Y	Y	Normal	211000
178	NA	13650	Pave	Sawyer	1958	1958	Y	Y	Normal	172500
179	63	17423	Pave	StoneBr	2008	2009	Y	Y	Partial	501837
180	60	8520	Pave	OldTown	1923	2006	Y	N	Normal	100000
181	NA	2117	Pave	Somerst	2000	2000	Y	Y	Normal	177000
182	54	7588	Pave	Crawfor	1920	1950	Y	Y	Normal	200100
183	60	9060	Pave	Edwards	1957	2006	Y	Y	Normal	120000
184	63	11426	Pave	OldTown	2003	2003	Y	N	Normal	200000
185	92	7438	Pave	BrkSide	1908	1991	Y	Y	Normal	127000
186	90	22950	Pave	OldTown	1892	1993	Y	Y	Normal	475000
187	NA	9947	Pave	Mitchel	1990	1991	Y	Y	Normal	173000
188	60	10410	Pave	OldTown	1916	1987	Y	N	Normal	135000
189	64	7018	Pave	SawyerW	1979	1979	Y	Y	Alloca	153337
190	41	4923	Pave	StoneBr	2001	2002	Y	Y	Normal	286000
191	70	10570	Pave	Crawfor	1932	1994	Y	Y	Normal	315000
192	NA	7472	Pave	NAmes	1972	2004	Y	Y	Normal	184000
193	68	9017	Pave	CollgCr	1999	1999	Y	Y	Normal	192000
194	24	2522	Pave	Edwards	2004	2004	Y	Y	Normal	130000
195	60	7180	Pave	CollgCr	1972	1972	Y	Y	Normal	127000
196	24	2280	Pave	NPkVill	1976	1976	Y	Y	Normal	148500
197	79	9416	Pave	Somerst	2007	2007	Y	Y	Partial	311872
198	174	25419	Pave	NAmes	1918	1990	Y	Y	Abnorml	235000
199	92	5520	Pave	OldTown	1912	1950	Y	Y	Abnorml	104000
200	76	9591	Pave	NridgHt	2004	2005	Y	Y	Normal	274900
201	80	8546	Pave	Edwards	2003	2004	Y	Y	Normal	140000
202	75	10125	Pave	Mitchel	1977	1977	Y	Y	Normal	171500
203	50	7000	Pave	OldTown	1924	1950	Y	Y	Normal	112000
204	NA	4438	Pave	CollgCr	2004	2004	Y	Y	Normal	149000
205	50	3500	Pave	OldTown	1947	1950	Y	Y	Normal	110000
206	99	11851	Pave	Gilbert	1990	1990	Y	Y	Normal	180500
207	40	13673	Pave	Sawyer	1962	1962	Y	Y	Normal	143900
208	NA	12493	Pave	NAmes	1960	1960	Y	Y	Normal	141000
209	NA	14364	Pave	SawyerW	1988	1989	Y	Y	Normal	277000
210	75	8250	Pave	NAmes	1964	1964	Y	Y	Normal	145000
211	67	5604	Pave	Edwards	1925	1950	N	Y	Normal	98000
212	83	10420	Pave	Edwards	2009	2009	Y	Y	Normal	186000
213	72	8640	Pave	Somerst	2009	2009	Y	Y	Partial	252678
214	43	13568	Pave	CollgCr	1995	1995	Y	Y	Normal	156000
215	NA	10900	Pave	CollgCr	1977	1977	Y	Y	Normal	161750
216	72	10011	Pave	NAmes	1957	1996	Y	Y	Normal	134450
217	65	8450	Pave	CollgCr	2004	2004	Y	Y	Normal	210000
218	57	9906	Pave	OldTown	1925	1950	N	Y	Family	107000
219	NA	15660	Pave	Crawfor	1939	2006	Y	Y	Normal	311500
220	43	3010	Pave	Blmngtn	2005	2006	Y	Y	Partial	167240
221	73	8990	Pave	CollgCr	2006	2006	Y	Y	Partial	204900
222	NA	8068	Pave	Gilbert	2002	2002	Y	Y	Normal	200000
223	85	11475	Pave	NWAmes	1975	1975	Y	Y	Normal	179900
224	70	10500	Pave	NAmes	1971	1971	Y	Y	Abnorml	97000
225	103	13472	Pave	NridgHt	2003	2003	Y	Y	Normal	386250
226	21	1680	Pave	BrDale	1971	1971	Y	Y	Abnorml	112000
227	82	9950	Pave	NoRidge	1995	1995	Y	Y	Abnorml	290000
228	21	1869	Pave	BrDale	1970	1970	Y	Y	Normal	106000
229	70	8521	Pave	Sawyer	1967	1967	Y	Y	Normal	125000
230	43	3182	Pave	Blmngtn	2005	2006	Y	Y	Normal	192500
231	73	8760	Pave	NAmes	1959	1959	Y	Y	Normal	148000
232	174	15138	Pave	NoRidge	1995	1996	Y	Y	Normal	403000
233	21	1680	Pave	BrDale	1972	1972	Y	Y	Normal	94500
234	75	10650	Pave	CollgCr	1976	1976	Y	Y	Normal	128200
235	NA	7851	Pave	Gilbert	2002	2002	Y	Y	Normal	216500
236	21	1680	Pave	BrDale	1971	1971	Y	Y	Normal	89500
237	65	8773	Pave	CollgCr	2004	2004	Y	Y	Normal	185500
238	NA	9453	Pave	SawyerW	1993	2003	Y	Y	Normal	194500
239	93	12030	Pave	NridgHt	2007	2007	Y	Y	Partial	318000
240	52	8741	Pave	Edwards	1945	1950	Y	Y	Normal	113000
241	75	9000	Pave	Somerst	2008	2008	Y	Y	Normal	262500
242	40	3880	Pave	OldTown	1945	1997	Y	Y	Normal	110500
243	63	5000	Pave	OldTown	1900	1950	N	Y	Normal	79000
244	75	10762	Pave	SawyerW	1980	1980	Y	Y	Normal	120000
245	NA	8880	Pave	SawyerW	1994	2002	Y	Y	Normal	205000
246	80	10400	Pave	NWAmes	1988	1988	Y	Y	Normal	241500
247	69	9142	Pave	OldTown	1910	1950	N	Y	Normal	137000
248	75	11310	Pave	NAmes	1954	1954	Y	Y	Normal	140000
249	72	11317	Pave	CollgCr	2003	2003	Y	Y	Normal	180000
250	NA	159000	Pave	ClearCr	1958	2006	Y	Y	Normal	277000
251	55	5350	Pave	BrkSide	1940	1966	Y	Y	Normal	76500
252	44	4750	Pave	Crawfor	2006	2007	Y	Y	Family	235000
253	65	8366	Pave	SawyerW	2004	2004	Y	Y	Normal	173000
254	85	9350	Pave	NAmes	1964	1991	Y	Y	Normal	158000
255	70	8400	Pave	NAmes	1957	1957	Y	Y	Normal	145000
256	66	8738	Pave	Gilbert	1999	1999	Y	Y	Normal	230000
257	64	8791	Pave	Somerst	2003	2003	Y	Y	Normal	207500
258	68	8814	Pave	CollgCr	2006	2006	Y	Y	Abnorml	220000
259	80	12435	Pave	CollgCr	2001	2001	Y	Y	Normal	231500
260	70	12702	Pave	OldTown	1956	1956	Y	Y	Normal	97000
261	120	19296	Pave	NAmes	1962	1962	Y	Y	Normal	176000
262	69	9588	Pave	CollgCr	2007	2007	Y	Y	Partial	276000
263	88	8471	Pave	Sawyer	1977	1995	Y	Y	Normal	151000
264	50	5500	Pave	OldTown	1929	2001	Y	Y	Normal	130000
265	30	5232	Pave	OldTown	1925	2004	N	N	Normal	73000
266	78	12090	Pave	NWAmes	1981	1981	Y	Y	Normal	175500
267	70	11207	Pave	Gilbert	1997	1997	Y	Y	Normal	185000
268	60	8400	Pave	SWISU	1939	1997	Y	Y	Normal	179500
269	71	6900	Pave	IDOTRR	1940	1955	Y	Y	Normal	120500
270	NA	7917	Pave	Edwards	1976	1976	Y	Y	Normal	148000
271	84	10728	Pave	Somerst	2006	2006	Y	Y	Partial	266000
272	73	39104	Pave	ClearCr	1954	2005	Y	Y	Normal	241500
273	92	11764	Pave	NoRidge	1999	2007	Y	Y	Normal	290000
274	80	9600	Pave	NAmes	1958	1988	Y	Y	Normal	139000
275	76	8314	Pave	Mitchel	1982	1982	Y	Y	Normal	124500
276	55	7264	Pave	BrkSide	1925	2007	N	Y	Normal	205000
277	129	9196	Pave	Mitchel	2003	2003	Y	Y	Normal	201000
278	140	19138	Pave	Gilbert	1951	1951	Y	Y	Normal	141000
279	107	14450	Pave	NridgHt	2006	2007	Y	Y	Partial	415298
280	83	10005	Pave	ClearCr	1977	1977	Y	Y	Normal	192000
281	82	11287	Pave	SawyerW	1989	1989	Y	Y	Normal	228500
282	60	7200	Pave	Somerst	2006	2006	Y	Y	Partial	185000
283	34	5063	Pave	NridgHt	2007	2008	Y	Y	Normal	207500
284	74	9612	Pave	Somerst	2008	2009	Y	Y	Partial	244600
285	50	8012	Pave	SawyerW	1992	1992	Y	Y	Normal	179200
286	35	4251	Pave	Somerst	2006	2007	Y	Y	Partial	164700
287	77	9786	Pave	NAmes	1962	1981	Y	Y	Normal	159000
288	NA	8125	Pave	NAmes	1971	1971	Y	Y	Normal	88000
289	NA	9819	Pave	Sawyer	1967	1967	Y	Y	Normal	122000
290	60	8730	Pave	BrkSide	1915	2003	Y	Y	Normal	153575
291	120	15611	Pave	CollgCr	2006	2006	Y	Y	Partial	233230
292	55	5687	Pave	SWISU	1912	2000	N	N	Normal	135900
293	60	11409	Pave	Edwards	1949	2008	Y	Y	Normal	131000
294	NA	16659	Pave	NWAmes	1977	1994	Y	Y	Normal	235000
295	80	9600	Pave	NAmes	1953	1953	Y	Y	Normal	167000
296	37	7937	Pave	Mitchel	1984	1984	Y	Y	Normal	142500
297	75	13710	Pave	IDOTRR	1950	1950	Y	Y	Normal	152000
298	66	7399	Pave	Somerst	1997	1998	Y	Y	Normal	239000
299	90	11700	Pave	NWAmes	1968	1968	Y	Y	Normal	175000
300	80	14000	Pave	Crawfor	1950	2004	Y	Y	Family	158500
301	90	15750	Pave	Crawfor	1953	1953	Y	Y	Normal	157000
302	66	16226	Pave	CollgCr	1998	1999	Y	Y	Normal	267000
303	118	13704	Pave	CollgCr	2001	2002	Y	Y	Normal	205000
304	70	9800	Pave	CollgCr	1972	1972	Y	Y	Abnorml	149900
305	87	18386	Pave	OldTown	1880	2002	Y	Y	Normal	295000
306	80	10386	Pave	CollgCr	2004	2005	Y	Y	Normal	305900
307	116	13474	Pave	SawyerW	1990	1991	Y	Y	Normal	225000
308	NA	7920	Pave	IDOTRR	1920	1950	Y	N	Normal	89500
309	NA	12342	Pave	Edwards	1940	1950	Y	Y	Normal	82500
310	90	12378	Pave	NridgHt	2003	2004	Y	Y	Normal	360000
311	NA	7685	Pave	Gilbert	1993	1994	Y	Y	Normal	165600
312	50	8000	Pave	NAmes	1948	2002	Y	Y	Normal	132000
313	65	7800	Pave	OldTown	1939	1950	Y	Y	Normal	119900
314	150	215245	Pave	Timber	1965	1965	Y	Y	Normal	375000
315	60	9600	Pave	OldTown	1925	1990	Y	Y	Normal	178000
316	71	7795	Pave	Gilbert	2004	2005	Y	Y	Normal	188500
317	94	13005	Pave	NWAmes	1980	1980	Y	Y	Normal	260000
318	75	9000	Pave	Somerst	2006	2006	Y	Y	Normal	270000
319	90	9900	Pave	NoRidge	1993	1993	Y	Y	Normal	260000
320	NA	14115	Pave	NWAmes	1980	1980	Y	Y	Normal	187500
321	111	16259	Pave	NridgHt	2006	2006	Y	Y	Partial	342643
322	99	12099	Pave	NridgHt	2004	2004	Y	Y	Normal	354000
323	86	10380	Pave	SawyerW	1986	1987	Y	Y	Normal	301000
324	49	5820	Pave	OldTown	1955	2005	Y	Y	Normal	126175
325	96	11275	Pave	NAmes	1967	2007	Y	Y	Normal	242000
326	50	5000	Pave	IDOTRR	1941	1950	N	Y	Normal	87000
327	32	10846	Pave	Veenker	1993	1993	Y	Y	Normal	324000
328	80	11600	Pave	NAmes	1960	1960	Y	Y	Normal	145250
329	NA	11888	Pave	BrkSide	1916	1994	N	Y	Normal	214500
330	60	6402	Pave	IDOTRR	1920	1950	N	N	Normal	78000
331	NA	10624	Pave	NAmes	1964	1964	Y	Y	Normal	119000
332	70	8176	Pave	NAmes	1958	1992	Y	Y	Normal	139000
333	85	10655	Pave	NridgHt	2003	2004	Y	Y	Normal	284000
334	59	8198	Pave	NridgHt	2004	2004	Y	Y	Normal	207000
335	59	9042	Pave	Gilbert	1998	1998	Y	Y	Normal	192000
336	NA	164660	Grvl	Timber	1965	1965	Y	Y	Normal	228950
337	86	14157	Pave	StoneBr	2005	2006	Y	Y	Normal	377426
338	70	9135	Pave	CollgCr	2002	2003	Y	Y	Normal	214000
339	91	14145	Pave	NWAmes	1984	1998	Y	Y	Normal	202500
340	66	12400	Pave	NAmes	1958	1998	Y	Y	Normal	155000
341	85	14191	Pave	Timber	2002	2002	Y	Y	Normal	202900
342	60	8400	Pave	SawyerW	1950	1950	Y	N	Normal	82000
343	NA	8544	Pave	NAmes	1949	1950	N	Y	Normal	87500
344	63	8849	Pave	NridgHt	2005	2005	Y	Y	Normal	266000
345	36	2592	Pave	MeadowV	1976	1976	Y	Y	Normal	85000
346	65	6435	Pave	BrkSide	1939	1950	Y	Y	Normal	140200
347	NA	12772	Pave	NAmes	1960	1998	Y	Y	Normal	151500
348	NA	17600	Pave	NAmes	1960	1960	Y	Y	Normal	157500
349	36	2448	Pave	NridgHt	2003	2004	Y	Y	Normal	154000
350	56	20431	Pave	NridgHt	2005	2006	Y	Y	Partial	437154
351	68	7820	Pave	NridgHt	2007	2007	Y	Y	Partial	318061
352	NA	5271	Pave	ClearCr	1986	1986	Y	Y	Abnorml	190000
353	60	9084	Pave	Edwards	1941	1950	N	Y	Normal	95000
354	60	8520	Pave	OldTown	1928	2003	Y	Y	Normal	105900
355	60	8400	Pave	SWISU	1940	2000	Y	Y	Normal	140000
356	105	11249	Pave	CollgCr	1995	1995	Y	Y	Normal	177500
357	NA	9248	Pave	Gilbert	1992	1992	Y	Y	Normal	173000
358	44	4224	Pave	MeadowV	1976	1976	Y	Y	Normal	134000
359	92	6930	Pave	ClearCr	1958	1958	Y	Y	Abnorml	130000
360	78	12011	Pave	NoRidge	1998	1998	Y	Y	Normal	280000
361	NA	7540	Pave	Mitchel	1978	1978	Y	Y	Normal	156000
362	NA	9144	Pave	BrkSide	1940	1982	Y	N	Normal	145000
363	64	7301	Pave	Edwards	2003	2003	Y	Y	Normal	198500
364	21	1680	Pave	BrDale	1972	2007	Y	Y	Normal	118000
365	NA	18800	Pave	NWAmes	1976	1976	Y	Y	Normal	190000
366	59	10690	Pave	IDOTRR	1920	1997	Y	Y	Normal	147000
367	NA	9500	Pave	NAmes	1963	1963	Y	Y	Normal	159000
368	101	9150	Pave	NAmes	1962	1962	Y	Y	Normal	165000
369	78	7800	Pave	NAmes	1954	1954	Y	Y	Normal	132000
370	NA	9830	Pave	NAmes	1959	2006	Y	Y	Normal	162000
371	NA	8121	Pave	Gilbert	2000	2000	Y	Y	Normal	172400
372	80	17120	Pave	ClearCr	1959	1959	Y	N	Normal	134432
373	50	7175	Pave	SawyerW	1984	1984	Y	Y	Normal	125000
374	79	10634	Pave	NAmes	1953	1953	Y	Y	Normal	123000
375	65	8200	Pave	CollgCr	2003	2004	Y	Y	Normal	219500
376	NA	10020	Pave	Edwards	1922	1950	N	Y	Normal	61000
377	57	8846	Pave	CollgCr	1996	1996	Y	Y	Normal	148000
378	102	11143	Pave	Somerst	2004	2005	Y	Y	Normal	340000
379	88	11394	Pave	StoneBr	2010	2010	Y	Y	Partial	394432
380	60	8123	Pave	Gilbert	2000	2000	Y	Y	Normal	179000
381	50	5000	Pave	SWISU	1924	1950	Y	Y	Normal	127000
382	60	7200	Pave	Somerst	2006	2006	Y	Y	Partial	187750
383	79	9245	Pave	CollgCr	2006	2006	Y	Y	Normal	213500
384	60	9000	Pave	SawyerW	1928	1950	N	N	Normal	76000
385	NA	53107	Pave	ClearCr	1992	1992	Y	Y	Normal	240000
386	43	3182	Pave	Blmngtn	2004	2005	Y	Y	Normal	192000
387	58	8410	Pave	Edwards	1910	1996	Y	N	AdjLand	81000
388	72	7200	Pave	Edwards	1976	1976	Y	Y	Abnorml	125000
389	93	9382	Pave	CollgCr	1999	2000	Y	Y	Normal	191000
390	96	12474	Pave	NridgHt	2007	2008	Y	Y	Partial	426000
391	50	8405	Pave	Edwards	1900	1950	Y	Y	Normal	119000
392	71	12209	Pave	Mitchel	2001	2002	Y	Y	Normal	215000
393	NA	8339	Pave	NAmes	1959	1959	Y	Y	Normal	106500
394	NA	7446	Pave	BrkSide	1941	1950	Y	Y	Abnorml	100000
395	60	10134	Pave	OldTown	1940	1950	Y	Y	Normal	109000
396	68	9571	Pave	Edwards	1956	1956	Y	Y	Normal	129000
397	60	7200	Pave	CollgCr	1972	1972	Y	Y	Normal	123000
398	69	7590	Pave	NAmes	1962	1962	Y	Y	Normal	169500
399	60	8967	Pave	IDOTRR	1920	1950	Y	N	Abnorml	67000
400	65	8125	Pave	Somerst	2006	2007	Y	Y	Normal	241000
401	38	14963	Pave	Veenker	1996	1996	Y	Y	Normal	245500
402	65	8767	Pave	CollgCr	2005	2005	Y	Y	Partial	164990
403	60	10200	Pave	Sawyer	1940	1997	Y	N	Normal	108000
404	93	12090	Pave	NoRidge	1998	1998	Y	Y	Abnorml	258000
405	NA	10364	Pave	Gilbert	1995	1996	Y	Y	Normal	168000
406	NA	9991	Pave	Sawyer	1976	1993	Y	Y	Normal	150000
407	51	10480	Pave	SWISU	1936	1950	Y	Y	Normal	115000
408	63	15576	Pave	Crawfor	1915	1976	Y	Y	Normal	177000
409	109	14154	Pave	NridgHt	2006	2006	Y	Y	Partial	280000
410	85	10800	Pave	Somerst	2007	2008	Y	Y	Partial	339750
411	68	9571	Pave	Edwards	1958	1958	Y	Y	Abnorml	60000
412	100	34650	Pave	Gilbert	1955	1955	N	Y	Normal	145000
413	NA	4403	Pave	Somerst	2009	2009	Y	Y	Partial	222000
414	56	8960	Pave	OldTown	1927	1950	Y	Y	Normal	115000
415	59	11228	Pave	SawyerW	1993	1993	Y	Y	Normal	228000
416	73	8899	Pave	Gilbert	2007	2007	Y	Y	Partial	181134
417	74	7844	Pave	Sawyer	1978	1978	Y	Y	Normal	149500
418	86	22420	Pave	Crawfor	1918	1950	N	N	Normal	239000
419	60	8160	Pave	Edwards	1940	1950	N	P	AdjLand	126000
420	65	8450	Pave	NAmes	1968	1968	Y	Y	Normal	142000
421	78	7060	Pave	Mitchel	1997	1998	Y	Y	Alloca	206300
422	NA	16635	Pave	NWAmes	1977	2000	Y	Y	Normal	215000
423	100	21750	Pave	Mitchel	1954	1954	Y	N	Normal	113000
424	80	9200	Pave	NoRidge	1998	1998	Y	Y	Normal	315000
425	72	9000	Pave	NAmes	1956	1956	Y	Y	Normal	139000
426	60	3378	Pave	OldTown	1946	1992	Y	P	Normal	135000
427	NA	12800	Pave	SawyerW	1989	1989	Y	Y	Normal	275000
428	77	8593	Pave	NAmes	1957	1957	Y	Y	Normal	109008
429	64	6762	Pave	CollgCr	2007	2007	Y	Y	Partial	195400
430	130	11457	Pave	Timber	1988	1988	Y	Y	Normal	175000
431	21	1680	Pave	BrDale	1971	1971	Y	Y	Abnorml	85400
432	60	5586	Pave	OldTown	1920	1998	Y	N	Abnorml	79900
433	24	1920	Pave	BrDale	1971	1971	Y	Y	Normal	122500
434	100	10839	Pave	Gilbert	1997	1998	Y	Y	Normal	181000
435	21	1890	Pave	MeadowV	1972	1972	Y	Y	Normal	81000
436	43	10667	Pave	CollgCr	1996	1996	Y	Y	Normal	212000
437	40	4400	Pave	OldTown	1920	1950	Y	Y	Normal	116000
438	50	6000	Pave	BrkSide	1926	2004	Y	Y	Normal	119000
439	40	4280	Pave	Crawfor	1913	2002	N	P	Normal	90350
440	67	12354	Pave	Edwards	1920	2000	Y	Y	Normal	110000
441	105	15431	Pave	NridgHt	2008	2008	Y	Y	Normal	555000
442	92	12108	Pave	Edwards	1955	1955	N	Y	Normal	118000
443	52	6240	Pave	BrkSide	1930	1992	Y	P	Normal	162900
444	53	3922	Pave	Blmngtn	2006	2007	Y	Y	Partial	172500
445	70	8750	Pave	CollgCr	1994	1995	Y	Y	Normal	210000
446	73	9855	Pave	Edwards	1956	1956	Y	Y	Normal	127500
447	137	16492	Pave	NAmes	1966	2002	Y	Y	Normal	190000
448	NA	11214	Pave	Gilbert	1998	1999	Y	Y	Normal	199900
449	50	8600	Pave	IDOTRR	1937	1950	Y	N	Normal	119500
450	50	6000	Pave	OldTown	1948	2002	Y	Y	Normal	120000
451	70	5684	Pave	OldTown	1930	2005	Y	N	Normal	110000
452	62	70761	Pave	ClearCr	1975	1975	Y	Y	Normal	280000
453	NA	9303	Pave	Timber	1996	1997	Y	Y	Normal	204000
454	75	9000	Pave	Somerst	2008	2008	Y	Y	Normal	210000
455	63	9297	Pave	Mitchel	1976	1976	Y	Y	Family	188000
456	80	9600	Pave	NWAmes	1973	1973	Y	Y	Normal	175500
457	34	4571	Pave	OldTown	1916	1950	N	Y	Abnorml	98000
458	NA	53227	Pave	ClearCr	1954	1994	Y	Y	Normal	256000
459	NA	5100	Pave	OldTown	1925	1996	Y	Y	Normal	161000
460	NA	7015	Pave	BrkSide	1950	1950	Y	Y	Normal	110000
461	75	8004	Pave	Somerst	2009	2009	Y	Y	Partial	263435
462	60	7200	Pave	SWISU	1936	2007	Y	Y	Normal	155000
463	60	8281	Pave	Sawyer	1965	1965	Y	Y	Normal	62383
464	74	11988	Pave	Crawfor	1934	1995	Y	Y	Normal	188700
465	60	8430	Pave	CollgCr	1978	1978	Y	Y	Normal	124000
466	NA	3072	Pave	Blmngtn	2004	2004	Y	Y	Normal	178740
467	85	10628	Pave	NAmes	1970	1970	Y	Y	Normal	167000
468	79	9480	Pave	NAmes	1942	1995	Y	Y	Normal	146500
469	98	11428	Pave	NridgHt	2006	2006	Y	Y	Normal	250000
470	76	9291	Pave	SawyerW	1993	1993	Y	Y	Normal	187000
471	NA	6820	Pave	StoneBr	1985	1985	Y	Y	Normal	212000
472	92	11952	Pave	NWAmes	1977	1977	Y	Y	Normal	190000
473	35	3675	Pave	Edwards	2005	2005	Y	Y	Normal	148000
474	110	14977	Pave	NridgHt	2006	2007	Y	Y	Partial	440000
475	41	5330	Pave	StoneBr	2000	2000	Y	Y	Normal	251000
476	80	8480	Pave	Sawyer	1963	1963	Y	Y	Normal	132500
477	75	13125	Pave	CollgCr	1997	1998	Y	Y	Normal	208900
478	105	13693	Pave	NridgHt	2006	2006	Y	Y	Normal	380000
479	79	10637	Pave	CollgCr	2007	2008	Y	Y	Normal	297000
480	50	5925	Pave	OldTown	1937	2000	Y	Y	Alloca	89471
481	98	16033	Pave	NridgHt	2004	2005	Y	Y	Normal	326000
482	72	11846	Pave	NridgHt	2003	2004	Y	Y	Normal	374000
483	50	2500	Pave	OldTown	1915	2005	Y	Y	Normal	155000
484	32	4500	Pave	Mitchel	1998	1998	Y	Y	Normal	164000
485	NA	7758	Pave	Sawyer	1962	2001	Y	Y	Normal	132500
486	80	9600	Pave	NAmes	1950	2007	Y	Y	Normal	147000
487	79	10289	Pave	NAmes	1965	1965	Y	Y	Normal	156000
488	70	12243	Pave	NWAmes	1971	1971	Y	Y	Normal	175000
489	60	10800	Pave	OldTown	1900	1970	N	N	Normal	160000
490	21	1526	Pave	MeadowV	1970	2002	Y	Y	Normal	86000
491	NA	2665	Pave	MeadowV	1976	1976	Y	Y	Normal	115000
492	79	9490	Pave	NAmes	1941	1950	Y	Y	Normal	133000
493	105	15578	Pave	Gilbert	2006	2006	Y	Y	Partial	172785
494	70	7931	Pave	NAmes	1960	1960	Y	Y	Normal	155000
495	50	5784	Pave	OldTown	1938	1996	Y	Y	Normal	91300
496	60	7879	Pave	IDOTRR	1920	1950	N	N	Abnorml	34900
497	NA	12692	Pave	NoRidge	1992	1993	Y	Y	Normal	430000
498	60	9120	Pave	BrkSide	1925	1950	Y	N	Normal	184000
499	65	7800	Pave	Sawyer	1967	2004	Y	Y	Normal	130000
500	70	7535	Pave	NAmes	1958	1985	Y	Y	Normal	120000
501	21	1890	Pave	BrDale	1973	1973	Y	Y	Normal	113000
502	75	9803	Pave	Somerst	2005	2005	Y	Y	Normal	226700
503	70	9170	Pave	Edwards	1965	1965	Y	Y	Normal	140000
504	100	15602	Pave	Crawfor	1959	1997	Y	Y	Normal	289000
505	24	2308	Pave	NPkVill	1974	1974	Y	Y	Normal	147000
506	60	7596	Pave	OldTown	1952	1952	Y	N	Normal	124500
507	80	9554	Pave	SawyerW	1993	1994	Y	Y	Normal	215000
508	75	7862	Pave	Somerst	2009	2009	Y	Y	Partial	208300
509	60	9600	Pave	OldTown	1928	2005	Y	N	Normal	161000
510	80	9600	Pave	NAmes	1959	1959	Y	Y	Normal	124500
511	75	14559	Pave	NAmes	1951	2000	Y	Y	Normal	164900
512	40	6792	Pave	NridgHt	2005	2006	Y	Y	Partial	202665
513	70	9100	Pave	NAmes	1958	1958	Y	Y	Normal	129900
514	71	9187	Pave	Mitchel	1983	1983	Y	Y	Normal	134000
515	55	10594	Pave	Crawfor	1926	1950	N	Y	Normal	96500
516	94	12220	Pave	NridgHt	2009	2009	Y	Y	Partial	402861
517	NA	10448	Pave	NWAmes	1972	1972	Y	Y	Abnorml	158000
518	79	10208	Pave	NoRidge	1996	1997	Y	Y	Normal	265000
519	NA	9531	Pave	CollgCr	1998	1998	Y	Y	Normal	211000
520	53	10918	Pave	Crawfor	1926	2004	Y	Y	Normal	234000
521	60	10800	Pave	OldTown	1900	2000	N	N	Normal	106250
522	90	11988	Pave	NAmes	1957	1957	Y	Y	Normal	150000
523	50	5000	Pave	BrkSide	1947	1950	Y	Y	Normal	159000
524	130	40094	Pave	Edwards	2007	2008	Y	Y	Partial	184750
525	95	11787	Pave	NoRidge	1996	1997	Y	Y	Normal	315750
526	62	7500	Pave	Somerst	2005	2005	Y	Y	Normal	176000
527	70	13300	Pave	NAmes	1956	2000	Y	Y	Normal	132000
528	67	14948	Pave	NridgHt	2008	2008	Y	Y	Partial	446261
529	58	9098	Pave	Edwards	1920	2002	Y	N	Normal	86000
530	NA	32668	Pave	Crawfor	1957	1975	Y	Y	Alloca	200624
531	85	10200	Pave	Timber	1988	1989	Y	Y	Abnorml	175000
532	60	6155	Pave	BrkSide	1920	1999	Y	Y	Normal	128000
533	60	7200	Pave	NAmes	1955	2007	Y	Y	Normal	107500
534	50	5000	Pave	BrkSide	1946	1950	N	N	Normal	39300
535	74	9056	Pave	Gilbert	2004	2004	Y	Y	Normal	178000
536	70	7000	Pave	Edwards	1910	1991	Y	N	Normal	107500
537	57	8924	Pave	CollgCr	1998	1999	Y	Y	Normal	188000
538	NA	12735	Pave	NAmes	1972	1972	Y	Y	Normal	111250
539	NA	11553	Pave	Sawyer	1968	1968	Y	Y	Normal	158000
540	NA	11423	Pave	CollgCr	2001	2002	Y	Y	Normal	272000
541	85	14601	Pave	Timber	2006	2006	Y	Y	Normal	315000
542	NA	11000	Pave	NoRidge	2000	2000	Y	Y	Normal	248000
543	78	10140	Pave	NWAmes	1998	1999	Y	Y	Normal	213250
544	34	4058	Pave	NAmes	1998	1998	Y	Y	Normal	133000
545	58	17104	Pave	Gilbert	2006	2006	Y	Y	Partial	179665
546	NA	13837	Pave	NWAmes	1988	1988	Y	Y	Normal	229000
547	70	8737	Pave	BrkSide	1923	1950	Y	Y	Normal	210000
548	54	7244	Pave	Mitchel	1970	1970	Y	Y	Normal	129500
549	49	8235	Pave	OldTown	1955	1995	Y	Y	Normal	125000
550	75	9375	Pave	Somerst	2003	2004	Y	Y	Normal	263000
551	53	4043	Pave	NPkVill	1977	1977	Y	Y	Abnorml	140000
552	50	6000	Pave	OldTown	1957	1957	Y	Y	Normal	112500
553	87	11146	Pave	NridgHt	2006	2006	Y	Y	Normal	255500
554	67	8777	Pave	Edwards	1949	2003	Y	N	Normal	108000
555	85	10625	Pave	NridgHt	2003	2004	Y	Y	Normal	284000
556	58	6380	Pave	BrkSide	1922	1950	Y	Y	Normal	113000
557	69	14850	Pave	NAmes	1957	1957	Y	Y	Normal	141000
558	60	11040	Pave	IDOTRR	1920	1950	Y	Y	Normal	108000
559	57	21872	Pave	Gilbert	1996	1997	Y	Y	Normal	175000
560	NA	3196	Pave	Blmngtn	2003	2004	Y	Y	Normal	234000
561	NA	11341	Pave	Sawyer	1957	1996	Y	Y	Normal	121500
562	77	10010	Pave	Mitchel	1974	1975	Y	Y	Normal	170000
563	63	13907	Pave	Edwards	1940	1969	Y	Y	Normal	108000
564	66	21780	Pave	Edwards	1918	1950	Y	N	Normal	185000
565	NA	13346	Pave	NoRidge	1992	2000	Y	Y	Normal	268000
566	66	6858	Pave	SWISU	1915	1950	N	Y	Normal	128000
567	77	11198	Pave	StoneBr	2005	2007	Y	Y	Normal	325000
568	70	10171	Pave	NridgHt	2004	2004	Y	Y	Normal	214000
569	79	12327	Pave	SawyerW	1983	2009	Y	Y	Normal	316600
570	NA	7032	Pave	NAmes	1979	1979	Y	Y	Normal	135960
571	74	13101	Pave	NAmes	1965	1965	Y	Y	Normal	142600
572	60	7332	Pave	NAmes	1959	1959	Y	Y	Abnorml	120000
573	83	13159	Pave	Timber	2009	2009	Y	Y	Partial	224500
574	76	9967	Pave	Gilbert	2000	2000	Y	Y	Normal	170000
575	70	10500	Pave	NAmes	1971	2005	Y	Y	Normal	139000
576	80	8480	Pave	NAmes	1947	1950	Y	Y	Abnorml	118500
577	52	6292	Pave	SWISU	1928	1950	Y	Y	Normal	145000
578	96	11777	Pave	Sawyer	1966	1966	Y	Y	Abnorml	164500
579	34	3604	Pave	Somerst	2007	2007	Y	Y	Abnorml	146000
580	81	12150	Pave	OldTown	1954	1954	N	Y	Normal	131500
581	NA	14585	Pave	NAmes	1960	1987	Y	Y	Normal	181900
582	98	12704	Pave	NridgHt	2008	2009	Y	Y	Partial	253293
583	81	11841	Grvl	Edwards	1990	1990	Y	Y	Normal	118500
584	75	13500	Pave	OldTown	1893	2000	Y	Y	Normal	325000
585	51	6120	Pave	BrkSide	1935	1995	Y	Y	Normal	133000
586	88	11443	Pave	Timber	2005	2006	Y	Y	Partial	369900
587	55	10267	Pave	BrkSide	1918	2000	Y	N	Normal	130000
588	74	8740	Pave	Sawyer	1982	1982	Y	Y	Normal	137000
589	65	25095	Pave	ClearCr	1968	2003	Y	Y	Partial	143000
590	50	9100	Pave	BrkSide	1930	1960	Y	P	Normal	79500
591	64	8320	Pave	CollgCr	2004	2004	Y	Y	Normal	185900
592	97	13478	Pave	NridgHt	2008	2008	Y	Y	Normal	451950
593	60	6600	Pave	Mitchel	1982	2003	Y	Y	Normal	138000
594	NA	4435	Pave	CollgCr	2003	2003	Y	Y	Normal	140000
595	88	7990	Pave	CollgCr	1975	1975	Y	Y	Normal	110000
596	69	11302	Pave	StoneBr	2005	2006	Y	Y	Partial	319000
597	60	3600	Pave	OldTown	1910	1993	N	N	Normal	114504
598	53	3922	Pave	Blmngtn	2006	2007	Y	Y	Partial	194201
599	80	12984	Pave	Crawfor	1977	1977	Y	Y	Normal	217500
600	24	1950	Pave	Blueste	1980	1980	Y	Y	Normal	151000
601	74	10927	Pave	NridgHt	2005	2005	Y	Y	Normal	275000
602	50	9000	Pave	IDOTRR	1937	1950	Y	P	Normal	141000
603	80	10041	Pave	SawyerW	1992	1992	Y	Y	Abnorml	220000
604	30	3182	Pave	Somerst	2004	2005	Y	Y	Normal	151000
605	88	12803	Pave	CollgCr	2002	2002	Y	Y	Normal	221000
606	85	13600	Pave	NAmes	1965	1990	Y	Y	Normal	205000
607	82	12464	Pave	CollgCr	1996	1996	Y	Y	Normal	152000
608	78	7800	Pave	Edwards	1948	2002	Y	Y	Normal	225000
609	78	12168	Pave	Crawfor	1934	1998	Y	Y	Alloca	359100
610	61	7943	Pave	Sawyer	1961	1961	Y	Y	Normal	118500
611	NA	11050	Pave	CollgCr	2000	2000	Y	Y	Normal	313000
612	NA	10395	Pave	NWAmes	1978	1978	Y	Y	Normal	148000
613	NA	11885	Pave	CollgCr	2001	2001	Y	Y	Normal	261500
614	70	8402	Pave	Mitchel	2007	2007	Y	Y	Partial	147000
615	21	1491	Pave	MeadowV	1972	1972	Y	Y	Normal	75500
616	80	8800	Pave	NAmes	1963	1963	Y	Y	Abnorml	137500
617	NA	7861	Pave	Gilbert	2002	2003	Y	Y	Normal	183200
618	59	7227	Pave	NAmes	1954	1954	Y	Y	Normal	105500
619	90	11694	Pave	NridgHt	2007	2007	Y	Y	Partial	314813
620	85	12244	Pave	Timber	2003	2003	Y	Y	Normal	305000
621	45	8248	Pave	Edwards	1914	1950	N	N	Normal	67000
622	90	10800	Pave	NWAmes	1974	1997	Y	Y	Normal	240000
623	71	7064	Pave	Sawyer	1977	1977	Y	Y	Normal	135000
624	NA	2117	Pave	Somerst	2000	2000	Y	Y	Normal	168500
625	80	10400	Pave	NWAmes	1972	1972	Y	Y	Normal	165150
626	87	10000	Pave	NAmes	1962	1962	Y	Y	Normal	160000
627	NA	12342	Pave	NAmes	1960	1978	Y	Y	Normal	139900
628	80	9600	Pave	NAmes	1955	1972	Y	Y	Normal	153000
629	70	11606	Pave	NAmes	1969	1969	Y	Y	Family	135000
630	82	9020	Pave	NAmes	1964	1964	Y	Y	Normal	168500
631	50	9000	Pave	OldTown	1880	1991	Y	N	Abnorml	124000
632	34	4590	Pave	NridgHt	2006	2006	Y	Y	Normal	209500
633	85	11900	Pave	NWAmes	1977	1977	Y	Y	Family	82500
634	80	9250	Pave	NAmes	1954	2005	Y	Y	Normal	139400
635	64	6979	Pave	OldTown	1980	1980	Y	Y	Normal	144000
636	60	10896	Pave	SWISU	1914	1995	Y	N	Abnorml	200000
637	51	6120	Pave	BrkSide	1936	1950	N	N	Normal	60000
638	50	6000	Pave	OldTown	1954	1954	Y	Y	Normal	93000
639	67	8777	Pave	Edwards	1910	1950	Y	P	Normal	85000
640	53	3982	Pave	Blmngtn	2006	2006	Y	Y	Partial	264561
641	62	12677	Pave	NridgHt	2003	2004	Y	Y	Normal	274000
642	NA	7050	Pave	Somerst	2001	2001	Y	Y	Normal	226000
643	75	13860	Pave	NAmes	1972	1995	Y	Y	Normal	345000
644	80	10793	Pave	NWAmes	1969	1969	Y	Y	Normal	152000
645	85	9187	Pave	Somerst	2009	2009	Y	Y	Partial	370878
646	NA	10530	Pave	NAmes	1971	1971	Y	Y	Normal	143250
647	60	7200	Pave	NAmes	1950	1950	Y	Y	Normal	98300
648	85	10452	Pave	Edwards	1953	1953	Y	Y	Normal	155000
649	70	7700	Pave	NAmes	1966	1966	Y	Y	Normal	155000
650	21	1936	Pave	MeadowV	1970	1970	Y	Y	Normal	84500
651	65	8125	Pave	Somerst	2007	2007	Y	Y	Normal	205950
652	60	9084	Pave	Edwards	1940	1950	Y	P	Normal	108000
653	70	8750	Pave	CollgCr	1996	1996	Y	Y	Normal	191000
654	60	10320	Pave	IDOTRR	1906	1995	Y	Y	Normal	135000
655	91	10437	Pave	NoRidge	1995	1995	Y	Y	Normal	350000
656	21	1680	Pave	BrDale	1971	1971	Y	Y	Family	88000
657	72	10007	Pave	NAmes	1959	2006	Y	Y	Normal	145500
658	60	7200	Pave	Crawfor	1931	2000	Y	P	Normal	149000
659	78	17503	Pave	NAmes	1948	1950	Y	Y	Abnorml	97500
660	75	9937	Pave	Edwards	1964	1999	Y	Y	Normal	167000
661	NA	12384	Pave	NWAmes	1976	1976	Y	Y	Normal	197900
662	52	46589	Pave	NoRidge	1994	2005	Y	Y	Normal	402000
663	120	13560	Pave	NAmes	1968	1968	Y	Y	Normal	110000
664	90	10012	Pave	Edwards	1972	1972	Y	Y	Normal	137500
665	49	20896	Pave	Somerst	2005	2006	Y	Y	Partial	423000
666	106	11194	Pave	Gilbert	2000	2000	Y	Y	Normal	230500
667	NA	18450	Pave	NAmes	1965	1979	Y	Y	Abnorml	129000
668	65	8125	Pave	SawyerW	1994	1998	Y	Y	Normal	193500
669	NA	14175	Pave	Sawyer	1956	1987	Y	Y	Normal	168000
670	80	11600	Pave	Crawfor	1922	1950	Y	Y	Normal	137500
671	64	8633	Pave	CollgCr	2005	2005	Y	Y	Normal	173500
672	54	6629	Pave	Edwards	1925	1950	N	Y	Normal	103600
673	NA	11250	Pave	Veenker	1977	1977	Y	Y	Normal	165000
674	110	14442	Pave	Crawfor	1957	2004	Y	Y	Normal	257500
675	80	9200	Pave	NAmes	1965	1965	Y	Y	Normal	140000
676	24	2289	Pave	NPkVill	1978	1978	Y	Y	Normal	148500
677	60	9600	Pave	OldTown	1900	1950	N	N	Normal	87000
678	52	9022	Pave	OldTown	1924	2006	Y	N	Normal	109500
679	80	11844	Pave	StoneBr	2008	2008	Y	Y	Partial	372500
680	NA	9945	Pave	Sawyer	1961	1961	Y	Y	Normal	128500
681	50	8012	Pave	SawyerW	1980	1980	Y	Y	Normal	143000
682	55	4500	Pave	SWISU	1932	2000	Y	Y	Abnorml	159434
683	NA	2887	Pave	ClearCr	1996	1997	Y	Y	Normal	173000
684	90	11248	Pave	CollgCr	2002	2002	Y	Y	Normal	285000
685	58	16770	Pave	NoRidge	1998	1998	Y	Y	Normal	221000
686	NA	5062	Pave	StoneBr	1984	1984	Y	Y	Normal	207500
687	84	10207	Pave	Somerst	2007	2007	Y	Y	Partial	227875
688	NA	5105	Pave	Somerst	2004	2004	Y	Y	Normal	148800
689	60	8089	Pave	StoneBr	2007	2007	Y	Y	Partial	392000
690	61	7577	Pave	NridgHt	2005	2006	Y	Y	Normal	194700
691	NA	4426	Pave	CollgCr	2004	2004	Y	Y	Normal	141000
692	104	21535	Pave	NoRidge	1994	1995	Y	Y	Normal	755000
693	42	26178	Pave	Timber	1989	1990	Y	Y	Normal	335000
694	60	5400	Pave	OldTown	1921	1968	Y	Y	Abnorml	108480
695	51	6120	Pave	BrkSide	1936	1950	Y	Y	Normal	141500
696	54	13811	Pave	Timber	1987	1987	Y	Y	Normal	176000
697	50	6000	Pave	BrkSide	1921	1950	Y	Y	Normal	89000
698	57	6420	Pave	Edwards	1952	1952	Y	Y	Normal	123500
699	65	8450	Pave	Sawyer	1965	2009	Y	Y	Normal	138500
700	59	4282	Pave	Somerst	2004	2004	Y	Y	Normal	196000
701	85	14331	Pave	Timber	2002	2002	Y	Y	Normal	312500
702	80	9600	Pave	NWAmes	1969	1969	Y	Y	Normal	140000
703	82	12438	Pave	StoneBr	2006	2006	Y	Y	Partial	361919
704	76	7630	Pave	OldTown	1900	1996	Y	N	Normal	140000
705	70	8400	Pave	CollgCr	2004	2005	Y	Y	Normal	213000
706	70	5600	Pave	IDOTRR	1930	1950	N	N	Normal	55000
707	NA	115149	Pave	ClearCr	1971	2002	Y	Y	Normal	302000
708	48	6240	Pave	NridgHt	2006	2006	Y	Y	Normal	254000
709	65	9018	Pave	Gilbert	2007	2007	Y	Y	Partial	179540
710	NA	7162	Pave	Sawyer	1966	1966	Y	Y	Abnorml	109900
711	56	4130	Pave	BrkSide	1935	2003	Y	N	Normal	52000
712	66	8712	Pave	IDOTRR	1900	1950	Y	N	Abnorml	102776
713	40	4671	Pave	StoneBr	1988	1989	Y	Y	Normal	189000
714	60	9873	Pave	BrkSide	1970	1970	N	Y	Normal	129000
715	NA	13517	Pave	Sawyer	1976	2005	Y	Y	Normal	130500
716	78	10140	Pave	NWAmes	1974	1974	Y	Y	Normal	165000
717	60	10800	Pave	OldTown	1890	1998	Y	P	Normal	159500
718	80	10000	Pave	NWAmes	1973	2000	Y	Y	Normal	157000
719	96	10542	Pave	NoRidge	1993	1994	Y	Y	Normal	341000
720	69	9920	Pave	CollgCr	1969	1969	Y	Y	Normal	128500
721	NA	6563	Pave	StoneBr	1985	1985	Y	Y	Normal	275000
722	NA	4426	Pave	CollgCr	2004	2004	Y	Y	Normal	143000
723	70	8120	Pave	NAmes	1970	1970	Y	Y	Normal	124500
724	60	8172	Pave	Edwards	1954	1972	Y	Y	Normal	135000
725	86	13286	Pave	Edwards	2007	2008	Y	Y	Normal	320000
726	60	6960	Pave	NAmes	1970	1970	Y	Y	Normal	120500
727	NA	21695	Pave	Crawfor	1988	2007	Y	Y	Normal	222000
728	64	7314	Pave	CollgCr	2007	2007	Y	Y	Normal	194500
729	85	11475	Pave	NAmes	1958	1958	Y	Y	Abnorml	110000
730	52	6240	Pave	IDOTRR	1925	1950	Y	Y	Normal	103000
731	39	5389	Pave	StoneBr	1995	1996	Y	Y	Normal	236500
732	73	9590	Pave	Timber	2003	2003	Y	Y	Normal	187500
733	75	11404	Pave	CollgCr	1998	1999	Y	Y	Normal	222500
734	80	10000	Pave	Sawyer	1961	1983	Y	Y	Normal	131400
735	NA	8978	Pave	Sawyer	1968	1968	Y	Y	Family	108000
736	60	10800	Pave	OldTown	1914	1970	N	N	Normal	163000
737	60	8544	Pave	NAmes	1950	1950	N	Y	Normal	93500
738	72	10463	Pave	Gilbert	2005	2005	Y	Y	Normal	239900
739	60	10800	Pave	Edwards	1987	1988	Y	Y	Alloca	179000
740	65	9313	Pave	CollgCr	2004	2004	Y	Y	Normal	190000
741	60	9600	Pave	OldTown	1910	2002	Y	Y	Abnorml	132000
742	65	6768	Pave	Sawyer	1961	1996	Y	Y	Normal	142000
743	65	8450	Pave	SawyerW	2000	2001	Y	Y	Normal	179000
744	70	12886	Pave	Sawyer	1963	1999	Y	Y	Normal	175000
745	41	5395	Pave	StoneBr	1993	1993	Y	Y	Normal	180000
746	NA	8963	Pave	NWAmes	1976	1996	Y	Y	Normal	299800
747	NA	8795	Pave	Gilbert	2000	2000	Y	Y	Normal	236000
748	65	11700	Pave	OldTown	1880	2003	N	N	Normal	265979
749	59	10593	Pave	NoRidge	1996	1996	Y	Y	Normal	260400
750	50	8405	Pave	Edwards	1945	1950	N	N	Normal	98000
751	55	8800	Pave	OldTown	1910	2004	Y	N	Normal	96500
752	NA	7750	Pave	Gilbert	2003	2003	Y	Y	Normal	162000
753	79	9236	Pave	CollgCr	1997	1997	Y	Y	Normal	217000
754	80	10240	Pave	NridgHt	2005	2005	Y	Y	Normal	275500
755	61	7930	Pave	NAmes	1969	2005	Y	Y	Normal	156000
756	34	3230	Pave	Somerst	1999	1999	Y	Y	Normal	172500
757	68	10769	Pave	CollgCr	2007	2007	Y	Y	Normal	212000
758	NA	11616	Pave	Sawyer	1978	1978	Y	Y	Abnorml	158900
759	24	2280	Pave	Somerst	1999	1999	Y	Y	Normal	179400
760	65	12257	Pave	NoRidge	1995	1995	Y	Y	Normal	290000
761	70	9100	Pave	NAmes	1959	1959	Y	Y	Normal	127500
762	60	6911	Pave	BrkSide	1924	1950	Y	Y	Normal	100000
763	72	8640	Pave	Somerst	2009	2009	Y	Y	Normal	215200
764	82	9430	Pave	NoRidge	1999	1999	Y	Y	Normal	337000
765	30	9549	Pave	Veenker	1995	1996	Y	Y	Normal	270000
766	75	14587	Pave	Somerst	2008	2008	Y	Y	Partial	264132
767	80	10421	Pave	NWAmes	1988	1988	Y	Y	Normal	196500
768	75	12508	Pave	Mitchel	1940	1985	Y	Y	Normal	160000
769	70	9100	Pave	CollgCr	2004	2005	Y	Y	Normal	216837
770	47	53504	Pave	StoneBr	2003	2003	Y	Y	Normal	538000
771	NA	7252	Pave	Sawyer	1982	1982	Y	Y	Normal	134900
772	67	8877	Pave	Edwards	1951	1951	Y	Y	Normal	102000
773	94	7819	Pave	Edwards	1976	1976	Y	Y	Abnorml	107000
774	70	10150	Pave	NAmes	1958	1958	Y	Y	Normal	114500
775	110	14226	Pave	NridgHt	2006	2006	Y	Y	Partial	395000
776	32	4500	Pave	Mitchel	1998	1998	Y	Y	Normal	162000
777	86	11210	Pave	CollgCr	2005	2006	Y	Y	Partial	221500
778	100	13350	Pave	Sawyer	1974	1974	Y	Y	Normal	142500
779	60	8400	Pave	SawyerW	1977	1977	Y	Y	Normal	144000
780	78	10530	Pave	Mitchel	1977	1977	Y	Y	Normal	135000
781	63	7875	Pave	Gilbert	1995	1996	Y	Y	Normal	176000
782	65	7153	Pave	SawyerW	1992	1992	Y	Y	Normal	175900
783	67	16285	Pave	CollgCr	2001	2002	Y	Y	Normal	187100
784	NA	9101	Pave	Mitchel	1978	1978	Y	Y	Normal	165500
785	35	6300	Pave	OldTown	1914	2001	Y	Y	Normal	128000
786	NA	9790	Pave	NWAmes	1967	1967	Y	Y	Normal	161500
787	60	10800	Pave	OldTown	1915	1950	Y	Y	Normal	139000
788	76	10142	Pave	SawyerW	2004	2004	Y	Y	Normal	233000
789	50	6000	Pave	OldTown	1954	2000	Y	Y	Normal	107900
790	NA	12205	Pave	ClearCr	1966	2007	Y	Y	Normal	187500
791	43	3182	Pave	Blmngtn	2005	2006	Y	Y	Normal	160200
792	NA	11333	Pave	Mitchel	1976	1976	Y	Y	Normal	146800
793	92	9920	Pave	NoRidge	1996	1997	Y	Y	Normal	269790
794	76	9158	Pave	Somerst	2007	2007	Y	Y	Partial	225000
795	NA	10832	Pave	Gilbert	1994	1996	Y	Y	Normal	194500
796	70	8400	Pave	SawyerW	1980	1981	Y	Y	Normal	171000
797	71	8197	Pave	Sawyer	1977	1977	Y	Y	Normal	143500
798	57	7677	Pave	NAmes	1953	1953	Y	Y	Abnorml	110000
799	104	13518	Pave	NridgHt	2008	2009	Y	Y	Partial	485000
800	60	7200	Pave	SWISU	1937	1950	Y	Y	Normal	175000
801	79	12798	Pave	ClearCr	1997	1997	Y	Y	Normal	200000
802	40	4800	Pave	IDOTRR	1916	1990	Y	Y	Normal	109900
803	63	8199	Pave	CollgCr	2005	2005	Y	Y	Normal	189000
804	107	13891	Pave	NridgHt	2008	2009	Y	Y	Partial	582933
805	75	9000	Pave	NAmes	1954	1954	Y	Y	Family	118000
806	91	12274	Pave	Somerst	2008	2008	Y	Y	Partial	227680
807	75	9750	Pave	NAmes	1967	1967	Y	Y	Normal	135500
808	144	21384	Pave	BrkSide	1923	2004	Y	Y	Normal	223500
809	85	13400	Pave	NAmes	1966	1966	Y	Y	Normal	159950
810	90	8100	Pave	OldTown	1898	1965	N	N	Normal	106000
811	78	10140	Pave	NWAmes	1974	1999	Y	Y	Normal	181000
812	NA	4438	Pave	CollgCr	2004	2004	Y	Y	Normal	144500
813	66	8712	Grvl	IDOTRR	1952	1952	N	N	Alloca	55993
814	75	9750	Pave	NAmes	1958	1958	Y	Y	Normal	157900
815	45	8248	Pave	Edwards	1918	1950	Y	P	Normal	116000
816	48	12137	Pave	CollgCr	1998	1998	Y	Y	Normal	224900
817	NA	11425	Pave	NAmes	1954	1954	Y	Y	Normal	137000
818	NA	13265	Pave	Mitchel	2002	2002	Y	Y	Normal	271000
819	80	8816	Pave	ClearCr	1971	1971	Y	Y	Normal	155000
820	44	6371	Pave	NridgHt	2009	2010	Y	Y	Partial	224000
821	72	7226	Pave	CollgCr	2003	2003	Y	Y	Normal	183000
822	60	6000	Pave	OldTown	1953	1953	N	Y	Normal	93000
823	NA	12394	Pave	Gilbert	2003	2003	Y	Y	Family	225000
824	60	9900	Pave	SWISU	1940	1950	Y	Y	Normal	139500
825	81	11216	Pave	Somerst	2006	2006	Y	Y	Partial	232600
826	114	14803	Pave	NridgHt	2007	2008	Y	Y	Partial	385000
827	50	6130	Pave	BrkSide	1924	1950	Y	Y	Normal	109500
828	65	8529	Pave	SawyerW	2001	2001	Y	Y	Normal	189000
829	NA	28698	Pave	ClearCr	1967	1967	Y	Y	Abnorml	185000
830	24	2544	Pave	Somerst	2005	2005	Y	Y	Normal	147400
831	80	11900	Pave	NAmes	1957	1957	Y	Y	Normal	166000
832	30	3180	Pave	Somerst	2005	2005	Y	Y	Normal	151000
833	44	9548	Pave	CollgCr	2003	2003	Y	Y	Normal	237000
834	100	10004	Pave	NAmes	1964	1964	Y	Y	Normal	167000
835	75	7875	Pave	NAmes	1961	1961	Y	Y	Normal	139950
836	60	9600	Pave	Sawyer	1950	1995	Y	Y	Normal	128000
837	90	8100	Pave	OldTown	1948	1973	Y	Y	Normal	153500
838	21	1680	Pave	BrDale	1973	1973	Y	Y	Normal	100000
839	75	9525	Pave	CollgCr	1995	2006	Y	Y	Normal	144000
840	70	11767	Pave	Edwards	1946	1995	Y	Y	Normal	130500
841	NA	12155	Pave	SWISU	1925	1950	N	P	Normal	140000
842	60	10440	Pave	OldTown	1904	2002	Y	P	Normal	157500
843	82	9020	Pave	NAmes	1966	1966	Y	Y	Normal	174900
844	80	8000	Pave	NAmes	1961	1961	N	Y	Normal	141000
845	100	12665	Pave	OldTown	1915	1950	Y	Y	Normal	153900
846	NA	16647	Pave	Sawyer	1975	1981	Y	Y	Normal	171000
847	75	9317	Pave	SawyerW	1993	1993	Y	Y	Normal	213000
848	36	15523	Pave	CollgCr	1972	1972	Y	Y	Normal	133500
849	75	45600	Pave	ClearCr	1908	1997	Y	Y	Normal	240000
850	80	9600	Pave	Veenker	1976	1994	Y	Y	Normal	187000
851	36	4435	Pave	CollgCr	2003	2003	Y	Y	Normal	131500
852	NA	3196	Pave	Blmngtn	2003	2003	Y	Y	Normal	215000
853	53	7128	Pave	Crawfor	1941	1950	Y	Y	Normal	164000
854	NA	12095	Pave	NAmes	1964	1964	Y	Y	Normal	158000
855	102	17920	Pave	Sawyer	1955	1974	Y	Y	Abnorml	170000
856	NA	6897	Pave	Sawyer	1962	2010	Y	Y	Normal	127000
857	NA	10970	Pave	CollgCr	1978	1978	Y	Y	Normal	147000
858	65	8125	Pave	Gilbert	1994	1995	Y	Y	Normal	174000
859	80	10400	Pave	NWAmes	1976	1976	Y	Y	Family	152000
860	NA	11029	Pave	NWAmes	1968	1984	Y	Y	Normal	250000
861	55	7642	Pave	Crawfor	1918	1998	Y	Y	Normal	189950
862	75	11625	Pave	Sawyer	1965	1965	Y	Y	Normal	131500
863	81	9672	Pave	SawyerW	1984	1985	Y	Y	Normal	152000
864	70	7931	Pave	NAmes	1959	1959	Y	Y	Normal	132500
865	72	8640	Pave	Somerst	2007	2008	Y	Y	Partial	250580
866	NA	8750	Pave	NAmes	1970	1970	Y	Y	Normal	148500
867	67	10656	Pave	Timber	2006	2007	Y	Y	Partial	248900
868	85	6970	Pave	Sawyer	1961	1961	Y	Y	Normal	129000
869	NA	14762	Pave	Gilbert	1948	1950	Y	P	Normal	169000
870	80	9938	Pave	SawyerW	1993	1994	Y	Y	Normal	236000
871	60	6600	Pave	NAmes	1962	1962	N	Y	Normal	109500
872	70	8750	Pave	CollgCr	1998	1998	Y	Y	Normal	200500
873	74	8892	Pave	NAmes	1953	1996	Y	Y	Normal	116000
874	60	12144	Pave	NAmes	1949	1950	Y	Y	Normal	133000
875	52	5720	Pave	OldTown	1941	1950	Y	Y	Abnorml	66500
876	75	9000	Pave	Somerst	2007	2007	Y	Y	Partial	303477
877	94	25286	Pave	Mitchel	1963	1963	Y	Y	Normal	132250
878	74	8834	Pave	NridgHt	2004	2005	Y	Y	Normal	350000
879	88	11782	Pave	Sawyer	1961	1995	Y	Y	Normal	148000
880	NA	7000	Pave	CollgCr	1978	2005	Y	Y	Normal	136500
881	60	7024	Pave	Edwards	2005	2006	Y	Y	Normal	157000
882	44	13758	Pave	Timber	1990	1991	Y	Y	Normal	187500
883	NA	9636	Pave	Gilbert	1992	1993	Y	Y	Normal	178000
884	60	6204	Pave	SWISU	1912	1950	N	Y	Normal	118500
885	65	7150	Pave	NAmes	1967	1967	Y	Y	Normal	100000
886	50	5119	Pave	Somerst	1999	2000	Y	Y	Abnorml	328900
887	70	8393	Pave	NAmes	1959	2005	Y	Y	Family	145000
888	59	16466	Pave	Edwards	1955	1955	Y	Y	Normal	135500
889	95	15865	Pave	NAmes	1970	1970	Y	Y	Normal	268000
890	128	12160	Pave	NAmes	1953	1953	Y	Y	Normal	149500
891	60	8064	Pave	NAmes	1949	2006	Y	Y	Normal	122900
892	70	11184	Pave	Sawyer	1978	1978	Y	Y	Normal	172500
893	70	8414	Pave	Sawyer	1963	2003	Y	Y	Normal	154500
894	NA	13284	Pave	Sawyer	1954	1954	Y	Y	Normal	165000
895	64	7018	Pave	SawyerW	1979	1979	Y	Y	Alloca	118858
896	71	7056	Pave	NAmes	1963	1963	Y	Y	Normal	140000
897	50	8765	Pave	IDOTRR	1936	1950	N	Y	Abnorml	106500
898	64	7018	Pave	SawyerW	1979	1979	Y	Y	Alloca	142953
899	100	12919	Pave	NridgHt	2009	2010	Y	Y	Partial	611657
900	65	6993	Pave	Sawyer	1961	1994	Y	Y	Normal	135000
901	NA	7340	Pave	NAmes	1971	1971	Y	Y	Normal	110000
902	64	8712	Pave	NAmes	1957	2000	Y	Y	Normal	153000
903	63	7875	Pave	Gilbert	2003	2003	Y	Y	Normal	180000
904	50	14859	Pave	Gilbert	2006	2006	Y	Y	Partial	240000
905	NA	6173	Pave	Sawyer	1967	1967	Y	Y	Normal	125500
906	80	9920	Pave	NAmes	1954	1954	Y	Y	Normal	128000
907	116	13501	Pave	Somerst	2006	2006	Y	Y	Normal	255000
908	86	11500	Pave	Crawfor	1936	1987	Y	Y	Normal	250000
909	NA	8885	Pave	Mitchel	1983	1983	Y	Y	Normal	131000
910	149	12589	Pave	Gilbert	2005	2005	Y	Y	Normal	174000
911	80	11600	Pave	NAmes	1960	1960	Y	Y	Normal	154300
912	NA	9286	Pave	CollgCr	1977	1989	Y	Y	Normal	143500
913	51	6120	Pave	BrkSide	1925	1950	N	Y	Abnorml	88000
914	82	6270	Pave	Crawfor	1949	1950	N	Y	Normal	145000
915	30	3000	Pave	Somerst	2009	2009	Y	Y	Partial	173733
916	21	2001	Pave	MeadowV	1970	1970	Y	Y	Normal	75000
917	50	9000	Pave	IDOTRR	1949	1950	N	Y	Abnorml	35311
918	NA	17140	Pave	Edwards	1956	1956	Y	Y	Normal	135000
919	103	13125	Pave	SawyerW	1991	1991	Y	Y	Normal	238000
920	87	11029	Pave	NAmes	1958	2002	Y	Y	Normal	176500
921	70	8462	Pave	SawyerW	1994	1994	Y	Y	Normal	201000
922	67	8777	Pave	Edwards	1900	2003	Y	N	Normal	145900
923	65	10237	Pave	Gilbert	2005	2006	Y	Y	Partial	169990
924	50	8012	Pave	SawyerW	1993	1994	Y	Y	Normal	193000
925	79	10240	Pave	NWAmes	1980	1980	Y	Y	Normal	207500
926	NA	15611	Pave	NWAmes	1977	1977	Y	Y	Abnorml	175000
927	93	11999	Pave	NridgHt	2003	2004	Y	Y	Normal	285000
928	NA	9900	Pave	NWAmes	1968	1968	Y	Y	Normal	176000
929	NA	11838	Pave	CollgCr	2001	2001	Y	Y	Normal	236500
930	NA	13006	Pave	Gilbert	1997	1997	Y	Y	Normal	222000
931	73	8925	Pave	Timber	2007	2007	Y	Y	Normal	201000
932	70	9100	Pave	NAmes	1965	1965	Y	Y	Normal	117500
933	84	11670	Pave	Somerst	2006	2006	Y	Y	Normal	320000
934	63	8487	Pave	CollgCr	2004	2004	Y	Y	Normal	190000
935	313	27650	Pave	NAmes	1960	2007	Y	Y	Normal	242000
936	52	5825	Pave	BrkSide	1926	1953	Y	Y	Normal	79900
937	67	10083	Pave	SawyerW	2003	2003	Y	Y	Normal	184900
938	75	9675	Pave	Somerst	2005	2005	Y	Y	Normal	253000
939	73	8760	Pave	CollgCr	2006	2006	Y	Y	Partial	239799
940	NA	24090	Pave	ClearCr	1940	1950	Y	Y	Normal	244400
941	55	12640	Pave	Mitchel	1976	1976	Y	Y	Normal	150900
942	NA	8755	Pave	Gilbert	1999	1999	Y	Y	Normal	214000
943	42	7711	Pave	Edwards	1977	1977	Y	N	Abnorml	150000
944	100	25000	Pave	Mitchel	1967	1967	Y	P	Normal	143000
945	NA	14375	Pave	Timber	1958	1958	Y	Y	Abnorml	137500
946	98	8820	Pave	OldTown	1890	1996	Y	Y	Normal	124900
947	70	8163	Pave	NAmes	1959	1959	Y	Y	Normal	143000
948	85	14536	Pave	Timber	2002	2003	Y	Y	Normal	270000
949	65	14006	Pave	CollgCr	2002	2002	Y	Y	Normal	192500
950	78	9360	Pave	NWAmes	1972	2006	Y	Y	Normal	197500
951	60	7200	Pave	NAmes	1950	2002	Y	Y	Normal	129000
952	60	7800	Pave	SawyerW	1965	1965	Y	Y	Abnorml	119900
953	60	7200	Pave	CollgCr	1972	2003	Y	Y	Normal	133900
954	NA	11075	Pave	Mitchel	1969	1969	Y	Y	Normal	172000
955	35	9400	Pave	Edwards	1975	1975	Y	Y	AdjLand	127500
956	82	7136	Pave	Crawfor	1946	1950	N	Y	Normal	145000
957	24	1300	Pave	Blueste	1980	1980	Y	Y	Normal	124000
958	70	7420	Pave	Sawyer	1962	1962	Y	Y	Normal	132000
959	65	8450	Pave	CollgCr	2003	2003	Y	Y	Normal	185000
960	24	2572	Pave	Somerst	1999	1999	Y	Y	Normal	155000
961	50	7207	Pave	BrkSide	1958	2008	Y	Y	Normal	116500
962	NA	12227	Pave	NWAmes	1977	1995	Y	Y	Normal	272000
963	24	2308	Pave	NPkVill	1976	1976	Y	Y	Normal	155000
964	122	11923	Pave	CollgCr	2007	2007	Y	Y	Normal	239000
965	80	11316	Pave	Timber	2002	2003	Y	Y	Normal	214900
966	65	10237	Pave	Gilbert	2005	2007	Y	Y	Partial	178900
967	130	9600	Pave	Crawfor	1940	1950	Y	Y	Normal	160000
968	NA	7390	Pave	NAmes	1955	1955	Y	Y	Normal	135000
969	50	5925	Pave	OldTown	1910	1950	N	Y	Abnorml	37900
970	75	10382	Pave	NAmes	1958	1958	Y	Y	Normal	140000
971	60	10800	Pave	NAmes	1949	1950	N	Y	Abnorml	135000
972	36	2268	Pave	NridgHt	2003	2004	Y	Y	Normal	173000#NAME?
973	55	7892	Pave	SawyerW	1979	1979	Y	Y	Normal	99500
974	95	11639	Pave	Somerst	2007	2008	Y	Y	Partial	182000
975	60	11414	Pave	BrkSide	1910	1993	N	Y	Normal	167500
976	NA	2651	Pave	Somerst	2000	2000	Y	Y	Normal	165000
977	51	5900	Pave	BrkSide	1923	1958	Y	Y	Normal	85500
978	35	4274	Pave	Somerst	2006	2007	Y	Y	Partial	199900
979	68	9450	Pave	Edwards	1954	1954	Y	Y	Abnorml	110000
980	80	8816	Pave	Sawyer	1963	1963	Y	Y	Normal	139000
981	NA	12122	Pave	NAmes	1961	2007	Y	Y	Normal	178400
982	98	12203	Pave	NoRidge	1998	1999	Y	Y	Normal	336000
983	43	3182	Pave	Blmngtn	2007	2007	Y	Y	Normal	159895
984	NA	11250	Pave	CollgCr	2002	2002	Y	Y	Normal	255900
985	75	10125	Pave	Mitchel	1977	1977	Y	Y	Normal	126000
986	68	10880	Pave	Edwards	1950	1950	N	Y	Normal	125000
987	59	5310	Pave	OldTown	1910	2003	Y	Y	Normal	117000
988	83	10159	Pave	NridgHt	2009	2010	Y	Y	Partial	395192
989	NA	12046	Pave	NWAmes	1976	1976	Y	Y	Normal	195000
990	65	8125	Pave	Somerst	2006	2006	Y	Y	Partial	197000
991	82	9452	Pave	NoRidge	1997	1998	Y	Y	Normal	348000
992	121	17671	Pave	OldTown	1882	1986	Y	P	Normal	168000
993	80	9760	Pave	NAmes	1964	1993	Y	Y	Normal	187000
994	68	8846	Pave	CollgCr	2005	2006	Y	Y	Partial	173900
995	96	12456	Pave	NridgHt	2006	2007	Y	Y	Normal	337500
996	51	4712	Pave	BrkSide	1946	1950	Y	Y	Abnorml	121600
997	NA	10659	Pave	NAmes	1961	1961	Y	Y	Normal	136500
998	NA	11717	Pave	NWAmes	1970	1970	Y	Y	Normal	185000
999	60	9786	Pave	IDOTRR	1922	1950	N	P	Normal	91000